variable_names,Df,Sum Sq,Mean Sq,F value,Pr(>F)
growing_zone,1,2.619912932958318,2.619912932958318,25.11608238067416,7.273725084288252e-4
year,2,0.1467958098785468,0.0733979049392734,0.7036370574888148,0.5200855909135089
growing_zone:year,2,0.030792677860654667,0.015396338930327333,0.14759869004434362,0.8648235735020474
Residuals,9,0.93880948625842,0.10431216513982444,NA,NA
