variable_names,Df,Sum Sq,Mean Sq,F value,Pr(>F)
growing_zone,1,2.6199129329583144,2.6199129329583144,25.11608238067414,7.273725084288273e-4
year,2,0.14679580987854657,0.07339790493927328,0.7036370574888141,0.5200855909135088
growing_zone:year,2,0.03079267786065424,0.01539633893032712,0.14759869004434165,0.8648235735020491
Residuals,9,0.9388094862584195,0.10431216513982439,NA,NA
